{"name":"ff853c46-697f-4ced-b18b-e03fda4734d8","id":"/providers/Microsoft.Flow/flows/ff853c46-697f-4ced-b18b-e03fda4734d8","type":"Microsoft.Flow/flows","properties":{"apiId":"/providers/Microsoft.PowerApps/apis/shared_logicflows","displayName":"migrar_datos2","definition":{"metadata":{"workflowEntityId":null,"processAdvisorMetadata":null,"flowChargedByPaygo":null,"flowclientsuspensionreason":"None","flowclientsuspensiontime":null,"flowclientsuspensionreasondetails":null,"creator":{"id":"930e52a8-e897-4dbb-9b7a-b4790a0f601b","type":"User","tenantId":"99f7b55e-9cbe-467b-8143-919782918afb"},"provisioningMethod":"FromDefinition","failureAlertSubscription":true,"clientLastModifiedTime":"2025-09-09T03:54:42.5485554Z","connectionKeySavedTimeKey":"2025-09-09T03:54:42.5485554Z","creationSource":"Portal","modifiedSources":"Portal"},"$schema":"https://schema.management.azure.com/providers/Microsoft.Logic/schemas/2016-06-01/workflowdefinition.json#","contentVersion":"undefined","parameters":{"$authentication":{"defaultValue":{},"type":"SecureObject"},"$connections":{"defaultValue":{},"type":"Object"}},"triggers":{"manual":{"type":"Request","kind":"Button","inputs":{"schema":{"type":"object","properties":{},"required":[]}}}},"actions":{"Enumerar_las_filas_de_una_tabla":{"runAfter":{},"metadata":{"01FZCREDWJSTRLSXVECVDKPXS6DQFI7RNE":"/DATOS_MOVILIDAD/Data2.xlsx","tableId":"{D7201F2C-8C75-4B43-80B1-FD51EB0B1615}"},"type":"OpenApiConnection","inputs":{"parameters":{"source":"https://eafit.sharepoint.com/sites/Proyecto_Movilidad_P2","drive":"b!PCr86bHD5ESa05y4W4ks9KTMssBGqKFAmZq0InKMM_vTX28KvQrhQpO5B3R5sYNt","file":"01FZCREDWJSTRLSXVECVDKPXS6DQFI7RNE","table":"{D7201F2C-8C75-4B43-80B1-FD51EB0B1615}"},"host":{"apiId":"/providers/Microsoft.PowerApps/apis/shared_excelonlinebusiness","connectionName":"shared_excelonlinebusiness","operationId":"GetItems"},"authentication":{"value":"@json(decodeBase64(triggerOutputs().headers['X-MS-APIM-Tokens']))['$ConnectionKey']","type":"Raw"}}},"Aplicar_a_cada_uno":{"foreach":"@outputs('Enumerar_las_filas_de_una_tabla')?['body/value']","actions":{"Crear_elemento":{"type":"OpenApiConnection","inputs":{"parameters":{"dataset":"https://eafit.sharepoint.com/sites/Proyecto_Movilidad_P2","table":"22505ba5-5f1c-4de8-ad4f-cb5f4c01e74d","item/Documento_Profesor_Planta":"@items('Aplicar_a_cada_uno')?['ID']","item/Tipo_Documento_Profesor_Planta":"@items('Aplicar_a_cada_uno')?['ID_TIPO']","item/NombreCompleto_Profesor_Planta":"@items('Aplicar_a_cada_uno')?['APELLIDOS Y NOMBRES']","item/Area":"@items('Aplicar_a_cada_uno')?['AREA']","item/Escuela":"@items('Aplicar_a_cada_uno')?['ESCUELA']","item/Nivel_Maximo_Estudios":"@items('Aplicar_a_cada_uno')?['NIVEL MAXIMO DE ESTUDIO']","item/Correo_Profesor_Planta":"@items('Aplicar_a_cada_uno')?['Correo institucional']"},"host":{"apiId":"/providers/Microsoft.PowerApps/apis/shared_sharepointonline","connectionName":"shared_sharepointonline","operationId":"PostItem"},"authentication":{"value":"@json(decodeBase64(triggerOutputs().headers['X-MS-APIM-Tokens']))['$ConnectionKey']","type":"Raw"}}}},"runAfter":{"Enumerar_las_filas_de_una_tabla":["Succeeded"]},"type":"Foreach"}}},"connectionReferences":{"shared_excelonlinebusiness":{"connectionName":"f19381c7a478433d94a48822d2782aa8","source":"Invoker","id":"/providers/Microsoft.PowerApps/apis/shared_excelonlinebusiness","tier":"NotSpecified","apiName":"excelonlinebusiness","isProcessSimpleApiReferenceConversionAlreadyDone":false},"shared_sharepointonline":{"connectionName":"b5d07b6498974dc199cc361bbb52a55d","source":"Invoker","id":"/providers/Microsoft.PowerApps/apis/shared_sharepointonline","tier":"NotSpecified","apiName":"sharepointonline","isProcessSimpleApiReferenceConversionAlreadyDone":false}},"flowFailureAlertSubscribed":false,"isManaged":false}}