{"name":"5b2b4d83-5e5c-451e-b8c2-c532970e240b","id":"/providers/Microsoft.Flow/flows/5b2b4d83-5e5c-451e-b8c2-c532970e240b","type":"Microsoft.Flow/flows","properties":{"apiId":"/providers/Microsoft.PowerApps/apis/shared_logicflows","displayName":"Importar_Datos","definition":{"metadata":{"workflowEntityId":null,"processAdvisorMetadata":null,"flowChargedByPaygo":null,"flowclientsuspensionreason":"None","flowclientsuspensiontime":null,"flowclientsuspensionreasondetails":null,"creator":{"id":"930e52a8-e897-4dbb-9b7a-b4790a0f601b","type":"User","tenantId":"99f7b55e-9cbe-467b-8143-919782918afb"},"provisioningMethod":"FromDefinition","failureAlertSubscription":true,"clientLastModifiedTime":"2025-09-09T00:49:12.1334629Z","connectionKeySavedTimeKey":"2025-09-09T00:49:12.1334629Z","creationSource":"Portal","modifiedSources":"Portal"},"$schema":"https://schema.management.azure.com/providers/Microsoft.Logic/schemas/2016-06-01/workflowdefinition.json#","contentVersion":"undefined","parameters":{"$authentication":{"defaultValue":{},"type":"SecureObject"},"$connections":{"defaultValue":{},"type":"Object"}},"triggers":{"manual":{"type":"Request","kind":"Button","inputs":{"schema":{"type":"object","properties":{},"required":[]}}}},"actions":{"Enumerar_las_filas_de_una_tabla":{"runAfter":{},"metadata":{"01FZCREDSAOSZ5LUCBEBFJH6AKXMVAGKEN":"/DATOS_MOVILIDAD/Data.xlsx","tableId":"{E0E0AA0F-66B8-4831-A93D-D512252C2F59}"},"type":"OpenApiConnection","inputs":{"parameters":{"source":"https://eafit.sharepoint.com/sites/Proyecto_Movilidad_P2","drive":"b!PCr86bHD5ESa05y4W4ks9KTMssBGqKFAmZq0InKMM_vTX28KvQrhQpO5B3R5sYNt","file":"01FZCREDSAOSZ5LUCBEBFJH6AKXMVAGKEN","table":"{E0E0AA0F-66B8-4831-A93D-D512252C2F59}"},"host":{"apiId":"/providers/Microsoft.PowerApps/apis/shared_excelonlinebusiness","connectionName":"shared_excelonlinebusiness-1","operationId":"GetItems"},"authentication":{"value":"@json(decodeBase64(triggerOutputs().headers['X-MS-APIM-Tokens']))['$ConnectionKey']","type":"Raw"}}},"Aplicar_a_cada_uno":{"foreach":"@outputs('Enumerar_las_filas_de_una_tabla')?['body/value']","actions":{"Crear_elemento":{"type":"OpenApiConnection","inputs":{"parameters":{"dataset":"https://eafit.sharepoint.com/sites/Proyecto_Movilidad_P2","table":"27fc4ef4-2bc8-4bde-8bf0-c08b46769c6d","item/Documento":"@items('Aplicar_a_cada_uno')?['ID']","item/Tipo_Documento":"@items('Aplicar_a_cada_uno')?['ID Tipo']","item/Nombre_Completo":"@items('Aplicar_a_cada_uno')?['Nombres y apellidos']","item/Correo":"@items('Aplicar_a_cada_uno')?['Correo electrónico']","item/Cargo":"@items('Aplicar_a_cada_uno')?['Cargo']","item/Centro":"@items('Aplicar_a_cada_uno')?['Centro']"},"host":{"apiId":"/providers/Microsoft.PowerApps/apis/shared_sharepointonline","connectionName":"shared_sharepointonline-2","operationId":"PostItem"},"authentication":{"value":"@json(decodeBase64(triggerOutputs().headers['X-MS-APIM-Tokens']))['$ConnectionKey']","type":"Raw"}}}},"runAfter":{"Enumerar_las_filas_de_una_tabla":["Succeeded"]},"type":"Foreach"}}},"connectionReferences":{"shared_excelonlinebusiness-1":{"connectionName":"shared-excelonlinebu-7bc6df2e-3a5e-40a4-8d90-89941fc5259c","source":"Invoker","id":"/providers/Microsoft.PowerApps/apis/shared_excelonlinebusiness","tier":"NotSpecified","apiName":"excelonlinebusiness","isProcessSimpleApiReferenceConversionAlreadyDone":false},"shared_sharepointonline-2":{"connectionName":"67a0f348071d4f479e646b4863574886","source":"Invoker","id":"/providers/Microsoft.PowerApps/apis/shared_sharepointonline","tier":"NotSpecified","apiName":"sharepointonline","isProcessSimpleApiReferenceConversionAlreadyDone":false}},"flowFailureAlertSubscribed":false,"isManaged":false}}